Time,Signal
0.0,0.0
0.002,0.709677201372026
0.004,-0.947782410248502
0.006,0.845840048303722
0.008,-0.02497151871309003
0.01,-0.4624520187281692
0.012,1.1325128398494457
0.014,-0.6693048665267395
0.016,0.44839986767926315
0.018000000000000002,0.7060244350510947
0.02,-0.702366629130299
0.022,1.1777789879833445
0.024,-0.07108297110764333
0.026000000000000002,-0.04718094287746755
0.028,1.2494699756405359
0.03,-0.5829319636104742
0.032,0.8731273409389202
0.034,0.6630654681581356
0.036000000000000004,-0.40721215885108003
0.038,1.441867111350176
0.04,-0.10603157819075626
0.042,0.37828996807146237
0.044,1.2956878727370853
0.046,-0.45163238169400244
0.048,1.2518160550554456
0.05,0.5877852522924719
0.052000000000000005,-0.07661680823408179
0.054,1.6257180897189722
0.056,-0.12345728120634702
0.058,0.7913451009985526
0.06,1.2723323582211696
0.062,-0.27963728092983986
0.064,1.5646369503899251
0.066,0.4888232301933201
0.068,0.27249770663439443
0.07,1.7215697590709382
0.07200000000000001,-0.11853862032940399
0.074,1.1696915375555559
0.076,1.1844638034018664
0.078,-0.0742311532702058
0.08,1.7953844417971676
0.082,0.37577298209193355
0.084,0.6214938675046823
0.08600000000000001,1.7266191519369656
0.088,-0.08844582657742484
0.09,1.4926123047584865
0.092,1.0405744061852218
0.094,0.15456396405866468
0.096,1.9323556708848837
0.098,0.25844342996416925
0.1,0.951056516295156
0.10200000000000001,1.6430688949460572
0.10400000000000001,-0.032645089594997456
0.106,1.7421449756904615
0.108,0.8519348900038984
0.11,0.39450199843621425
0.112,1.9689731949365554
0.114,0.14613350019462867
0.116,1.2423011976848566
0.11800000000000001,1.477887283244887
0.12,0.04697021213311192
0.122,1.9041165251066037
0.124,0.6317964915191422
0.126,0.6317964915191413
0.128,1.9041165251066041
0.13,0.046970212133112144
0.132,1.4778872832448862
0.134,1.2423011976848575
0.136,0.14613350019464333
0.138,1.9689731949365608
0.14,0.39450199843619205
0.14200000000000002,0.8519348900038974
0.14400000000000002,1.742144975690453
0.146,-0.032645089594997234
0.148,1.643068894946067
0.15,0.9510565162951713
0.152,0.2584434299641687
0.154,1.932355670884884
0.156,0.15456396405866524
0.158,1.0405744061852351
0.16,1.4926123047584987
0.162,-0.08844582657742472
0.164,1.7266191519369727
0.166,0.6214938675046557
0.168,0.3757729820919575
0.17,1.7953844417971676
0.17200000000000001,-0.07423115327021135
0.17400000000000002,1.1844638034018786
0.176,1.1696915375555572
0.178,-0.11853862032941043
0.18,1.721569759070938
0.182,0.2724977066343955
0.184,0.4888232301933191
0.186,1.564636950389918
0.188,-0.2796372809298371
0.19,1.2723323582211576
0.192,0.7913451009985535
0.194,-0.12345728120633859
0.196,1.6257180897189731
0.198,-0.07661680823408135
0.2,0.5877852522924781
0.202,1.2518160550554358
0.20400000000000001,-0.4516323816940011
0.20600000000000002,1.2956878727371026
0.20800000000000002,0.378289968071449
0.21,-0.1060315781907683
0.212,1.4418671113501778
0.214,-0.4072121588510833
0.216,0.6630654681581211
0.218,0.8731273409389271
0.22,-0.5829319636104764
0.222,1.2494699756405385
0.224,-0.047180942877479704
0.226,-0.0710829711076244
0.228,1.1777789879833327
0.23,-0.7023666291303097
0.232,0.7060244350510844
0.234,0.44839986767926754
0.23600000000000002,-0.6693048665267383
0.23800000000000002,1.1325128398494475
0.24,-0.4624520187281365
0.242,-0.024971518713120894
0.244,0.8458400483037376
0.246,-0.9477824102485009
0.248,0.7096772013720201
0.25,1.0984682354130878e-15
0.252,-0.7096772013720213
0.254,0.9477824102485013
0.256,-0.8458400483037362
0.258,0.0249715187131192
0.26,0.46245201872813846
0.262,-1.1325128398494477
0.264,0.6693048665267369
0.266,-0.4483998676792659
0.268,-0.7060244350510863
0.27,0.7023666291302926
0.272,-1.1777789879833565
0.274,0.07108297110767531
0.276,0.04718094287742891
0.278,-1.2494699756405154
0.28,0.5829319636104933
0.28200000000000003,-0.8731273409389257
0.28400000000000003,-0.6630654681581232
0.28600000000000003,0.40721215885106893
0.28800000000000003,-1.4418671113501829
0.29,0.10603157819074438
0.292,-0.3782899680714469
0.294,-1.2956878727370857
0.296,0.4516323816940029
0.298,-1.2518160550554134
0.3,-0.5877852522925083
0.302,0.07661680823410366
0.304,-1.6257180897189731
0.306,0.12345728120633748
0.308,-0.7913451009985514
0.31,-1.2723323582211592
0.312,0.27963728092983753
0.314,-1.5646369503899322
0.316,-0.4888232301932932
0.318,-0.2724977066343687
0.32,-1.7215697590709476
0.322,0.11853862032939788
0.324,-1.169691537555555
0.326,-1.1844638034018542
0.328,0.07423115327020002
0.33,-1.795384441797176
0.332,-0.37577298209190924
0.334,-0.6214938675047087
0.336,-1.7266191519369434
0.338,0.08844582657742439
0.34,-1.4926123047584974
0.342,-1.0405744061852087
0.34400000000000003,-0.1545639640586821
0.34600000000000003,-1.9323556708848855
0.34800000000000003,-0.2584434299641495
0.35000000000000003,-0.9510565162951976
0.352,-1.643068894946068
0.354,0.03264508959499757
0.356,-1.7421449756904335
0.358,-0.8519348900039275
0.36,-0.3945019984361905
0.362,-1.968973194936561
0.364,-0.14613350019464444
0.366,-1.2423011976848557
0.368,-1.477887283244888
0.37,-0.04697021213312036
0.372,-1.9041165251066152
0.374,-0.6317964915191167
0.376,-0.6317964915191139
0.378,-1.9041165251066166
0.38,-0.04697021213312125
0.382,-1.4778872832448853
0.384,-1.2423011976848586
0.386,-0.14613350019464288
0.388,-1.9689731949365605
0.39,-0.39450199843619294
0.392,-0.8519348900039247
0.394,-1.7421449756904355
0.396,0.032645089594997456
0.398,-1.643068894946066
0.4,-0.9510565162951439
0.402,-0.25844342996418856
0.404,-1.932355670884882
0.406,-0.1545639640586477
0.40800000000000003,-1.0405744061852622
0.41000000000000003,-1.4926123047584534
0.41200000000000003,0.08844582657741451
0.41400000000000003,-1.7266191519370024
0.41600000000000004,-0.6214938675046563
0.418,-0.3757729820919069
0.42,-1.7953844417971774
0.422,0.07423115327019858
0.424,-1.1844638034018518
0.426,-1.1696915375555579
0.428,0.11853862032939888
0.43,-1.721569759070947
0.432,-0.2724977066344213
0.434,-0.48882323019334584
0.436,-1.5646369503899336
0.438,0.2796372809298471
0.44,-1.272332358221157
0.442,-0.7913451009984982
0.444,0.12345728120633903
0.446,-1.6257180897189691
0.448,0.07661680823410089
0.45,-0.5877852522924488
0.452,-1.251816055055416
0.454,0.4516323816940032
0.456,-1.29568787273712
0.458,-0.37828996807145043
0.46,0.10603157819070042
0.462,-1.4418671113501724
0.464,0.4072121588510679
0.466,-0.6630654681581754
0.468,-0.8731273409389282
0.47000000000000003,0.5829319636104595
0.47200000000000003,-1.2494699756405376
0.47400000000000003,0.047180942877532384
0.47600000000000003,0.07108297110762518
0.47800000000000004,-1.1777789879833092
0.48,0.7023666291302737
0.482,-0.706024435051084
0.484,-0.4483998676793237
0.486,0.6693048665267386
0.488,-1.1325128398494373
0.49,0.4624520187281816
0.492,0.024971518713121754
0.494,-0.8458400483037017
0.496,0.9477824102485002
0.498,-0.7096772013720609
0.5,-2.1969364708261756e-15
0.502,0.7096772013720634
0.504,-0.947782410248501
0.506,0.8458400483036987
0.508,-0.024971518713118354
0.51,-0.4624520187281853
0.512,1.1325128398494375
0.514,-0.669304866526737
0.516,0.44839986767931944
0.518,0.7060244350510869
0.52,-0.7023666291302755
0.522,1.1777789879833562
0.524,-0.07108297110762202
0.526,-0.04718094287742991
0.528,1.2494699756405399
0.53,-0.582931963610493
0.532,0.8731273409389251
0.534,0.6630654681580685
0.536,-0.4072121588510696
0.538,1.4418671113501933
0.54,-0.1060315781907889
0.542,0.3782899680714462
0.544,1.2956878727370502
0.546,-0.45163238169400266
0.548,1.2518160550554964
0.55,0.587785252292453
0.552,-0.07661680823402117
0.554,1.62571808971897
0.556,-0.12345728120640875
0.558,0.7913451009986073
0.56,1.2723323582210684
0.562,-0.27963728092982687
0.5640000000000001,1.5646369503899318
0.5660000000000001,0.4888232301932397
0.5680000000000001,0.2724977066344182
0.5700000000000001,1.7215697590709125
0.5720000000000001,-0.1185386203294212
0.5740000000000001,1.1696915375556602
0.5760000000000001,1.1844638034018027
0.578,-0.07423115327024943
0.58,1.7953844417971578
0.582,0.37577298209200977
0.584,0.6214938675046523
0.586,1.7266191519370042
0.588,-0.08844582657742461
0.59,1.4926123047584503
0.592,1.0405744061852096
0.594,0.15456396405864492
0.596,1.932355670884878
0.598,0.25844342996419123
0.6,0.951056516295083
0.602,1.6430688949460688
0.604,-0.03264508959500134
0.606,1.742144975690469
0.608,0.8519348900039285
0.61,0.3945019984362357
0.612,1.9689731949365612
0.614,0.14613350019461446
0.616,1.2423011976848546
0.618,1.4778872832449386
0.62,0.046970212133120026
0.622,1.9041165251065908
0.624,0.6317964915191177
0.626,0.631796491519113
0.628,1.9041165251065926
0.63,0.04697021213312158
0.632,1.4778872832449341
0.634,1.2423011976848595
0.636,0.1461335001946119
0.638,1.9689731949365603
0.64,0.39450199843623956
0.642,0.8519348900039236
0.644,1.7421449756904726
0.646,-0.032645089595000565
0.648,1.6430688949460657
0.65,0.9510565162950879
0.652,0.2584434299641879
0.654,1.9323556708848786
0.656,0.15456396405864836
0.658,1.0405744061852045
0.66,1.4926123047584539
0.662,-0.08844582657742561
0.664,1.7266191519370024
0.666,0.6214938675046577
0.668,0.3757729820920057
0.67,1.7953844417971596
0.672,-0.07423115327024699
0.674,1.1844638034019033
0.676,1.1696915375555583
0.678,-0.11853862032937557
0.68,1.7215697590709456
0.682,0.2724977066343226
0.684,0.48882323019334484
0.686,1.5646369503898732
0.6880000000000001,-0.2796372809298474
0.6900000000000001,1.2723323582212478
0.6920000000000001,0.7913451009984986
0.6940000000000001,-0.12345728120626787
0.6960000000000001,1.6257180897189758
0.6980000000000001,-0.07661680823410155
0.7000000000000001,0.5877852522925616
0.7020000000000001,1.251816055055417
0.704,-0.45163238169400177
0.706,1.2956878727370484
0.708,0.3782899680714523
0.71,-0.10603157819079223
0.712,1.4418671113501946
0.714,-0.4072121588510665
0.716,0.6630654681580643
0.718,0.8731273409389291
0.72,-0.5829319636104948
0.722,1.2494699756405376
0.724,-0.04718094287742397
0.726,-0.07108297110762518
0.728,1.177778987983359
0.73,-0.7023666291302733
0.732,0.7060244350510833
0.734,0.44839986767932477
0.736,-0.669304866526739
0.738,1.1325128398494364
0.74,-0.46245201872818154
0.742,-0.024971518713121685
0.744,0.8458400483037033
0.746,-0.9477824102485001
0.748,0.7096772013720605
0.75,3.2954047062392632e-15
0.752,-0.7096772013720639
0.754,0.9477824102485012
0.756,-0.845840048303699
0.758,0.02497151871311662
0.76,0.4624520187281871
0.762,-1.1325128398494366
0.764,0.6693048665267366
0.766,-0.4483998676793184
0.768,-0.7060244350510877
0.77,0.7023666291302759
0.772,-1.1777789879833556
0.774,0.07108297110762041
0.776,0.04718094287743008
0.778,-1.2494699756405394
0.78,0.5829319636104936
0.782,-0.8731273409389233
0.784,-0.6630654681580694
0.786,0.40721215885107026
0.788,-1.4418671113501929
0.79,0.10603157819078823
0.792,-0.37828996807144577
0.794,-1.2956878727370515
0.796,0.4516323816940019
0.798,-1.2518160550554946
0.8,-0.5877852522924532
0.802,0.07661680823402206
0.804,-1.6257180897189698
0.806,0.12345728120640831
0.808,-0.7913451009986062
0.81,-1.2723323582210693
0.812,0.2796372809298264
0.8140000000000001,-1.5646369503899318
0.8160000000000001,-0.48882323019324
0.8180000000000001,-0.27249770663441664
0.8200000000000001,-1.721569759070913
0.8220000000000001,0.11853862032942086
0.8240000000000001,-1.1696915375556591
0.8260000000000001,-1.1844638034018036
0.8280000000000001,0.07423115327015206
0.8300000000000001,-1.7953844417971934
0.8320000000000001,-0.37577298209191173
0.834,-0.6214938675046516
0.836,-1.726619151937005
0.838,0.08844582657742495
0.84,-1.492612304758449
0.842,-1.0405744061852102
0.844,-0.15456396405864425
0.846,-1.9323556708848777
0.848,-0.258443429964192
0.85,-0.9510565162950819
0.852,-1.6430688949460697
0.854,0.03264508959500123
0.856,-1.7421449756904686
0.858,-0.8519348900038164
0.86,-0.3945019984362347
0.862,-1.9689731949365612
0.864,-0.14613350019467586
0.866,-1.2423011976847436
0.868,-1.4778872832448395
0.87,-0.04697021213311969
0.872,-1.9041165251065904
0.874,-0.6317964915192242
0.876,-0.6317964915192178
0.878,-1.9041165251065932
0.88,-0.0469702121331218
0.882,-1.4778872832448338
0.884,-1.2423011976847502
0.886,-0.1461335001946723
0.888,-1.9689731949365603
0.89,-0.39450199843624034
0.892,-0.8519348900038098
0.894,-1.7421449756904006
0.896,0.032645089595000565
0.898,-1.6430688949460648
0.9,-0.9510565162952027
0.902,-0.25844342996427005
0.904,-1.9323556708848786
0.906,-0.15456396405864892
0.908,-1.0405744061852038
0.91,-1.4926123047585467
0.912,0.08844582657740441
0.914,-1.726619151937002
0.916,-0.6214938675046587
0.918,-0.3757729820919053
0.92,-1.795384441797125
0.922,0.07423115327024654
0.924,-1.1844638034019024
0.926,-1.1696915375555594
0.928,0.1185386203294243
0.93,-1.7215697590709804
0.932,-0.2724977066343236
0.934,-0.48882323019334406
0.936,-1.5646369503899349
0.9380000000000001,0.2796372809298685
0.9400000000000001,-1.272332358221247
0.9420000000000001,-0.7913451009984995
0.9440000000000001,0.12345728120634081
0.9460000000000001,-1.6257180897189687
0.9480000000000001,0.0766168082341836
0.9500000000000001,-0.5877852522925607
0.9520000000000001,-1.2518160550554176
0.9540000000000001,0.4516323816940031
0.9560000000000001,-1.2956878727371914
0.9580000000000001,-0.378289968071339
0.96,0.10603157819088493
0.962,-1.4418671113501738
0.964,0.4072121588510658
0.966,-0.6630654681580636
0.968,-0.8731273409390297
0.97,0.5829319636104597
0.972,-1.2494699756405372
0.974,0.04718094287742297
0.976,0.0710829711077316
0.978,-1.177778987983311
0.98,0.702366629130308
0.982,-0.7060244350510826
0.984,-0.4483998676793258
0.986,0.6693048665268003
0.988,-1.1325128398494577
0.99,0.46245201872818065
0.992,0.02497151871312253
0.994,-0.8458400483037766
0.996,0.947782410248507
0.998,-0.7096772013720598
1.0,-4.393872941652351e-15
1.002,0.7096772013720646
1.004,-0.9477824102485085
1.006,0.8458400483037707
1.008,-0.024971518713115773
1.01,-0.462452018728188
1.012,1.1325128398494582
1.014,-0.6693048665267971
1.016,0.44839986767931733
1.018,0.7060244350510885
1.02,-0.7023666291303114
1.022,1.1777789879833067
1.024,-0.07108297110772532
1.026,-0.04718094287743119
1.028,1.2494699756405396
1.03,-0.5829319636104583
1.032,0.8731273409390219
1.034,0.6630654681580702
1.036,-0.4072121588510709
1.038,1.4418671113501713
1.04,-0.1060315781908795
1.042,0.3782899680715576
1.044,1.295687872737052
1.046,-0.451632381694002
1.048,1.2518160550554112
1.05,0.5877852522923404
1.052,-0.07661680823402284
1.054,1.62571808971897
1.056,-0.12345728120633515
1.058,0.791345100998718
1.06,1.2723323582210697
1.062,-0.27963728092982676
1.064,1.5646369503899313
1.066,0.48882323019335094
1.068,0.27249770663451534
1.07,1.7215697590709131
1.072,-0.11853862032942053
1.074,1.1696915375555526
1.076,1.1844638034016985
1.078,-0.0742311532701525
1.08,1.795384441797193
1.082,0.3757729820919126
1.084,0.6214938675046507
1.086,1.7266191519368839
1.088,-0.08844582657744526
1.09,1.492612304758541
1.092,1.0405744061852118
1.094,0.15456396405878925
1.096,1.9323556708848928
1.098,0.2584434299641104
1.1,0.9510565162951952
1.102,1.6430688949460708
1.104,-0.03264508959498702
1.106,1.7421449756905405
1.108,0.8519348900038177
1.11,0.39450199843623424
1.112,1.968973194936519
1.114,0.14613350019455473
1.116,1.242301197684963
1.118,1.4778872832448406
1.12,0.04697021213318986
1.122,1.9041165251066867
1.124,0.6317964915190137
1.1260000000000001,0.6317964915192169
1.1280000000000001,1.9041165251065935
1.1300000000000001,0.04697021213305186
1.1320000000000001,1.477887283245032
1.1340000000000001,1.2423011976847511
1.1360000000000001,0.14613350019467153
1.1380000000000001,1.9689731949366025
1.1400000000000001,0.39450199843605716
1.1420000000000001,0.8519348900040344
1.1440000000000001,1.742144975690401
1.1460000000000001,-0.0326450895950009
1.1480000000000001,1.6430688949462295
1.1500000000000001,0.9510565162949758
1.1520000000000001,0.25844342996426883
1.154,1.9323556708848937
1.156,0.15456396405879524
1.158,1.0405744061852036
1.16,1.4926123047585484
1.162,-0.08844582657744648
1.164,1.7266191519368796
1.166,0.6214938675046597
1.168,0.37577298209190546
1.17,1.7953844417971965
1.172,-0.07423115327014818
1.174,1.184463803401691
1.176,1.1696915375555612
1.178,-0.11853862032942353
1.18,1.7215697590709111
1.182,0.2724977066345238
1.184,0.4888232301933432
1.186,1.5646369503899367
1.188,-0.2796372809298243
1.19,1.2723323582210635
1.192,0.7913451009987276
1.194,-0.12345728120634003
1.196,1.62571808971897
1.198,-0.07661680823401551
1.2,0.5877852522923325
1.202,1.2518160550554185
1.204,-0.45163238169400166
1.206,1.2956878727370476
1.208,0.37828996807156723
1.21,-0.1060315781908856
1.212,1.441867111350174
1.214,-0.40721215885106515
1.216,0.6630654681580628
1.218,0.8731273409390307
1.22,-0.58293196361046
1.222,1.249469975640537
1.224,-0.047180942877421916
1.226,-0.07108297110773243
1.228,1.1777789879833116
1.23,-0.7023666291303076
1.232,0.7060244350510818
1.234,0.44839986767932694
1.236,-0.6693048665268008
1.238,1.1325128398494575
1.24,-0.46245201872817976
1.242,-0.024971518713123392
1.244,0.8458400483037773
1.246,-0.9477824102485068
1.248,0.7096772013720593
1.25,5.4923411770654384e-15
1.252,-0.7096772013720651
1.254,0.9477824102485086
1.256,-0.8458400483037698
1.258,0.024971518713114912
1.26,0.46245201872818886
1.262,-1.1325128398494582
1.264,0.6693048665267968
1.266,-0.4483998676793163
1.268,-0.7060244350510891
1.27,0.7023666291303118
1.272,-1.1777789879833063
1.274,0.07108297110772621
1.276,0.047180942877432186
1.278,-1.2494699756405399
1.28,0.5829319636104565
1.282,-0.873127340939021
1.284,-0.6630654681580727
1.286,0.4072121588510715
1.288,-1.4418671113501693
1.29,0.10603157819087883
1.292,-0.378289968071555
1.294,-1.2956878727370527
1.296,0.45163238169400344
1.298,-1.2518160550554116
1.3,-0.5877852522923412
1.302,0.07661680823402228
1.304,-1.6257180897189698
1.306,0.12345728120633603
1.308,-0.791345100998717
1.31,-1.2723323582210693
1.312,0.2796372809298271
1.314,-1.5646369503899293
1.316,-0.48882323019335294
1.318,-0.27249770663451445
1.32,-1.7215697590709143
1.322,0.1185386203294202
1.324,-1.1696915375555526
1.326,-1.1844638034016994
1.328,0.07423115327015395
1.33,-1.795384441797193
1.332,-0.37577298209191246
1.334,-0.6214938675046505
1.336,-1.7266191519368843
1.338,0.08844582657744426
1.34,-1.49261230475854
1.342,-1.0405744061852134
1.344,-0.15456396405878858
1.346,-1.932355670884892
1.348,-0.25844342996411096
1.35,-0.9510565162951936
1.352,-1.6430688949460714
1.354,0.03264508959498713
1.356,-1.74214497569054
1.358,-0.8519348900038187
1.36,-0.3945019984362337
1.362,-1.9689731949365195
1.364,-0.14613350019455507
1.366,-1.242301197684962
1.368,-1.4778872832448413
1.37,-0.046970212133189526
1.372,-1.9041165251066863
1.374,-0.6317964915190146
1.3760000000000001,-0.631796491519216
1.3780000000000001,-1.904116525106594
1.3800000000000001,-0.04697021213305219
1.3820000000000001,-1.4778872832450314
1.3840000000000001,-1.242301197684752
1.3860000000000001,-0.1461335001946713
1.3880000000000001,-1.968973194936602
1.3900000000000001,-0.39450199843605815
1.3920000000000001,-0.8519348900040332
1.3940000000000001,-1.7421449756904015
1.3960000000000001,0.03264508959500134
1.3980000000000001,-1.6430688949462287
1.4000000000000001,-0.9510565162949773
1.4020000000000001,-0.2584434299642683
1.4040000000000001,-1.9323556708848788
1.4060000000000001,-0.1545639640585047
1.408,-1.0405744061852034
1.41,-1.4926123047585493
1.412,0.08844582657744571
1.414,-1.726619151936879
1.416,-0.6214938675046616
1.418,-0.37577298209190374
1.42,-1.795384441797197
1.422,0.07423115327014873
1.424,-1.1844638034016903
1.426,-1.1696915375555634
1.428,0.11853862032942386
1.43,-1.721569759070912
1.432,-0.2724977066345248
1.434,-0.4888232301933435
1.436,-1.564636950389936
1.438,0.279637280929824
1.44,-1.2723323582210615
1.442,-0.7913451009987287
1.444,0.12345728120634192
1.446,-1.62571808971897
1.448,0.0766168082340134
1.45,-0.5877852522923316
1.452,-1.2518160550554207
1.454,0.451632381694003
1.456,-1.2956878727370469
1.458,-0.3782899680715668
1.46,0.10603157819088627
1.462,-1.4418671113501726
1.464,0.4072121588510646
1.466,-0.6630654681580634
1.468,-0.8731273409390317
1.47,0.5829319636104584
1.472,-1.2494699756405365
1.474,0.04718094287742092
1.476,0.07108297110773493
1.478,-1.177778987983312
1.48,0.702366629130309
1.482,-0.7060244350510811
1.484,-0.4483998676793297
1.486,0.6693048665268012
1.488,-1.1325128398494593
1.49,0.46245201872817887
1.492,0.02497151871312424
1.494,-0.8458400483037763
1.496,0.9477824102485066
1.498,-0.7096772013720569
1.5,-6.5908094124785264e-15
1.502,0.7096772013720639
1.504,-0.9477824102485088
1.506,0.8458400483037674
1.508,-0.024971518713114066
1.51,-0.46245201872818975
1.512,1.13251283984946
1.514,-0.6693048665267963
1.516,0.44839986767931694
1.518,0.7060244350510899
1.52,-0.7023666291303139
1.522,1.1777789879833056
1.524,-0.07108297110772543
1.526,-0.047180942877433185
1.528,1.2494699756405403
1.53,-0.5829319636104563
1.532,0.87312734093902
1.534,0.6630654681580734
1.536,-0.40721215885107215
1.538,1.4418671113501693
1.54,-0.10603157819087816
1.542,0.3782899680715539
1.544,1.2956878727370533
1.546,-0.45163238169400355
1.548,1.251816055055411
1.55,0.5877852522923421
1.552,-0.07661680823402306
1.554,1.6257180897189698
1.556,-0.12345728120633548
1.558,0.7913451009987159
1.56,1.2723323582210702
1.562,-0.2796372809298273
1.564,1.5646369503899287
1.566,0.48882323019335383
1.568,0.2724977066345135
1.57,1.7215697590709147
1.572,-0.11853862032941975
1.574,1.1696915375555514
1.576,1.1844638034017003
1.578,-0.0742311532701545
1.58,1.7953844417971925
1.582,0.37577298209191323
1.584,0.6214938675046496
1.586,1.7266191519368848
1.588,-0.08844582657744426
1.59,1.4926123047585391
1.592,1.0405744061852142
1.594,0.1545639640587878
1.596,1.932355670884892
1.598,0.2584434299641116
1.6,0.9510565162951925
1.602,1.6430688949460721
1.604,-0.03264508959498724
1.606,1.7421449756905396
1.608,0.8519348900038197
1.61,0.3945019984362329
1.612,1.9689731949365195
1.614,0.1461335001945555
1.616,1.2423011976849612
1.618,1.4778872832448422
1.62,0.04697021213318919
1.622,1.9041165251066858
1.624,0.6317964915190155
1.6260000000000001,0.6317964915192151
1.6280000000000001,1.9041165251065943
1.6300000000000001,0.046970212133052525
1.6320000000000001,1.4778872832450305
1.6340000000000001,1.242301197684753
1.6360000000000001,0.14613350019467086
1.6380000000000001,1.968973194936602
1.6400000000000001,0.39450199843605893
1.6420000000000001,0.8519348900040322
1.6440000000000001,1.7421449756904024
1.6460000000000001,-0.03264508959500112
1.6480000000000001,1.6430688949462282
1.6500000000000001,0.9510565162949784
1.6520000000000001,0.2584434299642675
1.6540000000000001,1.932355670884879
1.6560000000000001,0.15456396405850525
1.6580000000000001,1.0405744061854265
1.6600000000000001,1.4926123047583646
1.6620000000000001,-0.08844582657740485
1.6640000000000001,1.7266191519369989
1.666,0.6214938675046626
1.668,0.37577298209190296
1.67,1.7953844417971971
1.672,-0.07423115327014818
1.674,1.1844638034016894
1.676,1.1696915375555643
1.678,-0.1185386203294243
1.68,1.7215697590709118
1.682,0.2724977066345256
1.684,0.4888232301933426
1.686,1.5646369503899367
1.688,-0.2796372809298239
1.69,1.2723323582210608
1.692,0.7913451009987297
1.694,-0.12345728120634236
1.696,1.6257180897189702
1.698,-0.07661680823401262
1.7,0.5877852522923307
1.702,1.2518160550554214
1.704,-0.451632381694003
1.706,1.2956878727370464
1.708,0.37828996807156784
1.71,-0.10603157819088693
1.712,1.4418671113501729
1.714,-0.40721215885106393
1.716,0.6630654681582828
1.718,0.8731273409390325
1.72,-0.5829319636104586
1.722,1.2494699756404395
1.724,-0.04718094287741992
1.726,-0.07108297110752432
1.728,1.1777789879834095
1.73,-0.7023666291303086
1.732,0.7060244350508811
1.734,0.44839986767933077
1.736,-0.6693048665266798
1.738,1.1325128398494166
1.74,-0.462452018728178
1.742,-0.024971518712899515
1.744,0.845840048303777
1.746,-0.9477824102485065
1.748,0.7096772013718905
1.75,7.689277647891614e-15
1.752,-0.7096772013718988
1.754,0.947782410248509
1.756,-0.8458400483037666
1.758,0.02497151871288765
1.76,0.46245201872819064
1.762,-1.1325128398494173
1.764,0.6693048665266741
1.766,-0.44839986767931583
1.768,-0.7060244350508914
1.77,0.7023666291303143
1.772,-1.177778987983402
1.774,0.07108297110751322
1.776,0.04718094287743424
1.778,-1.2494699756404437
1.78,0.5829319636104561
1.782,-0.873127340939019
1.784,-0.6630654681582946
1.786,0.4072121588510728
1.788,-1.4418671113502115
1.79,0.10603157819069353
1.792,-0.37828996807155285
1.794,-1.2956878727371985
1.796,0.45163238169400355
1.798,-1.251816055055576
1.8,-0.5877852522925704
1.802,0.07661680823402384
1.804,-1.6257180897189554
1.806,0.12345728120633503
1.808,-0.7913451009987148
1.81,-1.2723323582212547
1.812,0.27963728092982754
1.814,-1.56463695039005
1.816,-0.4888232301933547
1.818,-0.27249770663451256
1.82,-1.7215697590709853
1.822,0.11853862032941953
1.824,-1.169691537555762
1.826,-1.1844638034019126
1.828,0.07423115327015506
1.83,-1.7953844417972622
1.832,-0.37577298209191407
1.834,-0.6214938675048688
1.836,-1.7266191519370069
1.838,0.08844582657744404
1.84,-1.492612304758722
1.842,-1.0405744061852151
1.844,-0.15456396405878725
1.846,-1.9323556708848775
1.848,-0.2584434299641124
1.85,-0.951056516295419
1.852,-1.6430688949460728
1.854,0.03264508959498724
1.856,-1.742144975690394
1.858,-0.8519348900038206
1.86,-0.3945019984364161
1.862,-1.9689731949365623
1.864,-0.14613350019455607
1.866,-1.2423011976851803
1.868,-1.477887283244843
1.87,-0.04697021213318897
1.872,-1.9041165251065886
1.874,-0.6317964915190164
1.8760000000000001,-0.6317964915194256
1.8780000000000001,-1.9041165251065948
1.8800000000000001,-0.04697021213305286
1.8820000000000001,-1.4778872832448302
1.8840000000000001,-1.242301197684754
1.8860000000000001,-0.1461335001947921
1.8880000000000001,-1.9689731949365592
1.8900000000000001,-0.3945019984360597
1.8920000000000001,-0.8519348900038057
1.8940000000000001,-1.7421449756904028
1.8960000000000001,0.03264508959501533
1.8980000000000001,-1.6430688949460617
1.9000000000000001,-0.9510565162949793
1.9020000000000001,-0.2584434299644326
1.9040000000000001,-1.932355670884879
1.9060000000000001,-0.15456396405850603
1.9080000000000001,-1.0405744061852
1.9100000000000001,-1.4926123047583655
1.9120000000000001,0.08844582657736233
1.9140000000000001,-1.7266191519369984
1.9160000000000001,-0.6214938675044416
1.9180000000000001,-0.37577298209190213
1.92,-1.7953844417972677
1.922,0.07423115327014773
1.924,-1.1844638034019
1.926,-1.1696915375557766
1.928,0.11853862032942464
1.93,-1.7215697590709818
1.932,-0.2724977066345266
1.934,-0.4888232301933418
1.936,-1.564636950390059
1.938,0.27963728092982354
1.94,-1.2723323582212442
1.942,-0.7913451009987308
1.944,0.12345728120634292
1.946,-1.625718089718956
1.948,0.07661680823401174
1.95,-0.5877852522925573
1.952,-1.251816055055588
1.954,0.4516323816940029
1.956,-1.295687872737191
1.958,-0.3782899680715689
1.96,0.10603157819070369
1.962,-1.441867111350216
1.964,0.40721215885106327
1.966,-0.663065468158282
1.968,-0.8731273409390337
1.97,0.5829319636104588
1.972,-1.2494699756404393
1.974,0.04718094287741881
1.976,0.0710829711075251
1.978,-1.17777898798341
1.98,0.7023666291303081
1.982,-0.7060244350508803
1.984,-0.4483998676793318
1.986,0.6693048665266802
1.988,-1.1325128398494164
1.99,0.4624520187281771
1.992,0.024971518712900334
1.994,-0.8458400483037778
1.996,0.9477824102485063
1.998,-0.7096772013718899
2.0,-8.787745883304702e-15
2.0020000000000002,0.7096772013719028
2.004,-0.9477824102485092
2.0060000000000002,0.8458400483037694
2.008,-0.024971518712886803
2.0100000000000002,-0.4624520187278202
2.012,1.1325128398494175
2.0140000000000002,-0.6693048665269139
2.016,0.4483998676793148
2.0180000000000002,0.7060244350508956
2.02,-0.7023666291303148
2.0220000000000002,1.1777789879834049
2.024,-0.07108297110751244
2.0260000000000002,-0.047180942877009024
2.028,1.249469975640444
2.0300000000000002,-0.5829319636105964
2.032,0.8731273409390181
2.0340000000000003,0.6630654681578549
2.036,-0.40721215885107337
2.0380000000000003,1.4418671113502144
2.04,-0.10603157819069281
2.0420000000000003,0.3782899680715549
2.044,1.295687872737199
2.0460000000000003,-0.4516323816940292
2.048,1.251816055055575
2.05,0.5877852522925684
2.052,-0.07661680823402472
2.054,1.6257180897189811
2.056,-0.12345728120633448
2.058,0.79134510099826
2.06,1.2723323582212553
2.062,-0.2796372809299156
2.064,1.5646369503900495
2.066,0.48882323019335316
2.068,0.27249770663451156
2.07,1.721569759070983
2.072,-0.1185386203294192
2.074,1.169691537555336
2.076,1.1844638034019135
2.078,-0.07423115327034902
2.08,1.7953844417972618
2.082,0.3757729820919148
2.084,0.6214938675048678
2.086,1.7266191519370058
2.088,-0.08844582657744393
2.09,1.4926123047583522
2.092,1.040574406185216
2.094,0.15456396405849526
2.096,1.9323556708848773
2.098,0.25844342996444325
2.1,0.951056516295418
2.102,1.6430688949460723
2.104,-0.03264508959498735
2.106,1.7421449756903926
2.108,0.8519348900038215
2.11,0.3945019984360467
2.112,1.9689731949365625
2.114,0.14613350019480031
2.116,1.2423011976851794
2.118,1.477887283244844
2.12,0.04697021213318864
2.122,1.9041165251065881
2.124,0.6317964915190173
2.126,0.631796491519002
2.128,1.9041165251065952
2.13,0.046970212133193856
2.132,1.4778872832448295
2.134,1.2423011976851956
2.136,0.14613350019479165
2.138,1.9689731949365596
2.14,0.3945019984360605
2.142,0.8519348900038055
2.144,1.7421449756904035
2.146,-0.03264508959498591
2.148,1.6430688949460608
2.15,0.9510565162954351
2.152,0.2584434299644319
2.154,1.932355670884879
2.156,0.1545639640585067
2.158,1.0405744061852005
2.16,1.4926123047583664
2.162,-0.08844582657744615
2.164,1.726619151936998
2.166,0.6214938675048849
2.168,0.37577298209190135
2.17,1.7953844417972682
2.172,-0.07423115327034091
2.174,1.1844638034018993
2.176,1.1696915375553527
2.178,-0.11853862032942486
2.18,1.7215697590709793
2.182,0.27249770663452755
2.184,0.4888232301933385
2.186,1.5646369503900597
2.188,-0.279637280929911
2.19,1.2723323582212434
2.192,0.7913451009982779
2.194,-0.12345728120634347
2.196,1.6257180897189818
2.198,-0.07661680823401096
2.2,0.5877852522925535
2.202,1.2518160550555888
2.204,-0.4516323816940059
2.206,1.2956878727371903
2.208,0.3782899680711188
2.21,-0.10603157819070447
2.212,1.4418671113501311
2.214,-0.4072121588510626
2.216,0.6630654681582779
2.218,0.8731273409390345
2.22,-0.5829319636104624
2.222,1.2494699756404388
2.224,-0.04718094287784402
2.226,-0.07108297110752593
2.228,1.1777789879832135
2.23,-0.7023666291303077
2.232,0.7060244350512747
2.234,0.44839986767933293
2.236,-0.669304866526684
2.238,1.1325128398494164
2.24,-0.4624520187285475
2.242,-0.024971518712901195
2.244,0.8458400483034887
2.246,-0.9477824102485062
2.248,0.7096772013722208
2.25,9.88621411871779e-15
2.2520000000000002,-0.7096772013719035
2.254,0.9477824102485094
2.2560000000000002,-0.8458400483037687
2.258,0.024971518712885957
2.2600000000000002,0.4624520187278211
2.262,-1.1325128398494175
2.2640000000000002,0.6693048665269135
2.266,-0.4483998676793137
2.2680000000000002,-0.7060244350508963
2.27,0.7023666291303152
2.2720000000000002,-1.1777789879834044
2.274,0.07108297110751166
2.2760000000000002,0.04718094287701008
2.278,-1.2494699756404444
2.2800000000000002,0.5829319636105962
2.282,-0.8731273409390171
2.2840000000000003,-0.6630654681578558
2.286,0.40721215885107404
2.2880000000000003,-1.441867111350214
2.29,0.10603157819069214
2.2920000000000003,-0.3782899680715538
2.294,-1.2956878727371997
2.2960000000000003,0.4516323816940292
2.298,-1.2518160550555741
2.3000000000000003,-0.5877852522921203
2.302,0.0766168082340255
2.3040000000000003,-1.625718089718958
2.306,0.12345728120633404
2.308,-0.7913451009982589
2.31,-1.272332358221256
2.312,0.2796372809299159
2.314,-1.5646369503900486
2.316,-0.48882323019335405
2.318,-0.27249770663451073
2.32,-1.7215697590709833
2.322,0.11853862032941875
2.324,-1.1696915375553352
2.326,-1.1844638034019142
2.328,0.07423115327034957
2.33,-1.7953844417972615
2.332,-0.3757729820919157
2.334,-0.6214938675048668
2.336,-1.7266191519370062
2.338,0.08844582657744382
2.34,-1.492612304758351
2.342,-1.0405744061852171
2.344,-0.1545639640584947
2.346,-1.9323556708848773
2.348,-0.258443429964444
2.35,-0.9510565162954169
2.352,-1.6430688949460732
2.354,0.032645089594987464
2.356,-1.7421449756903917
2.358,-0.8519348900038225
2.36,-0.39450199843604583
2.362,-1.9689731949365625
2.364,-0.14613350019480076
2.366,-1.2423011976851785
2.368,-1.4778872832448449
2.37,-0.046970212133188305
2.372,-1.9041165251065877
2.374,-0.6317964915190182
2.376,-0.631796491519001
2.378,-1.9041165251065957
2.38,-0.04697021213319419
2.382,-1.4778872832448287
2.384,-1.2423011976851968
2.386,-0.1461335001947911
2.388,-1.9689731949365594
2.39,-0.39450199843606126
2.392,-0.8519348900038046
2.394,-1.7421449756904042
2.396,0.03264508959498569
2.398,-1.6430688949460603
2.4,-0.9510565162954362
2.402,-0.25844342996443126
2.404,-1.9323556708848793
2.406,-0.15456396405850736
2.408,-1.0405744061851996
2.41,-1.4926123047583673
2.412,0.08844582657744626
2.414,-1.7266191519369976
2.416,-0.6214938675048859
2.418,-0.3757729820919005
2.42,-1.7953844417972684
2.422,0.07423115327034036
2.424,-1.1844638034018984
2.426,-1.1696915375553536
2.428,0.11853862032942519
2.43,-1.721569759070979
2.432,-0.2724977066345285
2.434,-0.4888232301933377
2.436,-1.5646369503900601
2.438,0.2796372809299107
2.44,-1.2723323582212427
2.442,-0.7913451009982791
2.444,0.12345728120634403
2.446,-1.625718089718982
2.448,0.07661680823401007
2.45,-0.5877852522925526
2.452,-1.2518160550555897
2.454,0.4516323816940059
2.456,-1.2956878727371897
2.458,-0.3782899680711199
2.46,0.10603157819070513
2.462,-1.4418671113501311
2.464,0.40721215885106204
2.466,-0.6630654681582772
2.468,-0.8731273409390355
2.47,0.5829319636104626
2.472,-1.2494699756404386
2.474,0.04718094287784297
2.476,0.07108297110752665
2.478,-1.177778987983214
2.48,0.7023666291303072
2.482,-0.7060244350512739
2.484,-0.44839986767933393
2.486,0.6693048665266844
2.488,-1.1325128398494164
2.49,0.4624520187285466
2.492,0.02497151871290204
2.494,-0.8458400483034894
2.496,0.947782410248506
2.498,-0.7096772013722202
2.5,-1.0984682354130877e-14
2.5020000000000002,0.709677201371904
2.504,-0.9477824102485096
2.5060000000000002,0.8458400483037679
2.508,-0.024971518712885096
2.5100000000000002,-0.46245201872782205
2.512,1.1325128398494175
2.5140000000000002,-0.6693048665269131
2.516,0.4483998676793126
2.5180000000000002,0.7060244350508971
2.52,-0.7023666291303157
2.5220000000000002,1.1777789879834037
2.524,-0.07108297110751088
2.5260000000000002,-0.04718094287701108
2.528,1.2494699756404446
2.5300000000000002,-0.5829319636105961
2.532,0.8731273409390161
2.5340000000000003,0.6630654681578566
2.536,-0.4072121588510747
2.5380000000000003,1.4418671113502137
2.54,-0.10603157819069148
2.5420000000000003,0.3782899680715527
2.544,1.2956878727372003
2.5460000000000003,-0.4516323816940293
2.548,1.2518160550555706
2.5500000000000003,0.5877852522921212
2.552,-0.07661680823402639
2.5540000000000003,1.6257180897189554
2.556,-0.12345728120633348
2.5580000000000003,0.7913451009987144
2.56,1.2723323582212593
2.562,-0.2796372809299136
2.564,1.5646369503900481
2.566,0.48882323019335494
2.568,0.27249770663451206
2.57,1.7215697590709813
2.572,-0.11853862032941842
2.574,1.169691537555334
2.576,1.184463803401913
2.578,-0.07423115327035201
2.58,1.7953844417972613
2.582,0.3757729820919164
2.584,0.621493867504864
2.586,1.7266191519370069
2.588,-0.08844582657744371
2.59,1.4926123047583517
2.592,1.0405744061852167
2.594,0.15456396405849393
2.596,1.9323556708848784
2.598,0.2584434299644458
2.6,0.9510565162954159
2.602,1.6430688949460737
2.604,-0.03264508959498669
2.606,1.7421449756903904
2.608,0.8519348900038235
2.61,0.39450199843604505
2.612,1.968973194936562
2.614,0.14613350019480076
2.616,1.2423011976851777
2.618,1.4778872832448458
2.62,0.04697021213318764
2.622,1.9041165251065872
2.624,0.6317964915190191
2.626,0.6317964915190001
2.628,1.9041165251065961
2.63,0.04697021213319441
2.632,1.4778872832448275
2.634,1.2423011976851974
2.636,0.14613350019479066
2.638,1.9689731949365594
2.64,0.3945019984360615
2.642,0.8519348900038044
2.644,1.7421449756904048
2.646,-0.03264508959498558
2.648,1.6430688949460586
2.65,0.9510565162954383
2.652,0.2584434299644305
2.654,1.9323556708848795
2.656,0.15456396405850936
2.658,1.0405744061851987
2.66,1.4926123047583681
2.662,-0.08844582657744804
2.664,1.7266191519369987
2.666,0.6214938675048869
2.668,0.3757729820918979
2.67,1.795384441797267
2.672,-0.07423115327033991
2.674,1.1844638034018975
2.676,1.1696915375553525
2.678,-0.11853862032942342
2.68,1.7215697590709789
2.682,0.2724977066345294
2.684,0.4888232301933344
2.686,1.5646369503900632
2.688,-0.27963728092991047
2.69,1.272332358221242
2.692,0.7913451009982828
2.694,-0.1234572812063418
2.696,1.6257180897189818
2.698,-0.07661680823401218
2.7,0.5877852522925546
2.702,1.2518160550555906
2.704,-0.45163238169400577
2.706,1.2956878727371863
2.708,0.37828996807112103
2.71,-0.1060315781907058
2.712,1.4418671113501285
2.714,-0.4072121588510582
2.716,0.6630654681582764
2.718,0.8731273409390365
2.72,-0.5829319636104661
2.722,1.2494699756404417
2.724,-0.04718094287784197
2.726,-0.07108297110752743
2.728,1.177778987983218
2.73,-0.7023666291303033
2.732,0.7060244350512732
2.734,0.44839986767933154
2.736,-0.6693048665266814
2.738,1.1325128398494162
2.74,-0.4624520187285457
2.742,-0.024971518712906426
2.744,0.8458400483034901
2.746,-0.9477824102485057
2.748,0.709677201372216
2.75,1.5635864268344463e-14
2.7520000000000002,-0.7096772013719047
2.754,0.9477824102485098
2.7560000000000002,-0.8458400483037707
2.758,0.024971518712887816
2.7600000000000002,0.46245201872782293
2.762,-1.1325128398494178
2.7640000000000002,0.6693048665269161
2.766,-0.4483998676793081
2.7680000000000002,-0.7060244350508977
2.77,0.7023666291303127
2.7720000000000002,-1.1777789879833997
2.774,0.0710829711075101
2.7760000000000002,0.04718094287701213
2.778,-1.2494699756404481
2.7800000000000002,0.5829319636105958
2.782,-0.8731273409390152
2.7840000000000003,-0.6630654681578607
2.786,0.4072121588510722
2.7880000000000003,-1.4418671113502135
2.79,0.1060315781906907
2.7920000000000003,-0.3782899680715546
2.794,-1.2956878727371977
2.7960000000000003,0.4516323816940293
2.798,-1.2518160550555726
2.8000000000000003,-0.5877852522921192
2.802,0.07661680823402994
2.8040000000000003,-1.625718089718958
2.806,0.12345728120633015
2.8080000000000003,-0.7913451009987106
2.81,-1.2723323582212576
2.8120000000000003,0.27963728092974094
2.814,-1.56463695039005
2.816,-0.48882323019335333
2.818,-0.2724977066345088
2.82,-1.7215697590709838
2.822,0.11853862032941598
2.824,-1.169691537555331
2.826,-1.184463803401916
2.828,0.07423115327035057
2.83,-1.7953844417972589
2.832,-0.3757729820919154
2.834,-0.6214938675048648
2.836,-1.7266191519370087
2.838,0.08844582657744515
2.84,-1.4926123047583495
2.842,-1.040574406185219
2.844,-0.1545639640584947
2.846,-1.9323556708848768
2.848,-0.25844342996444525
2.85,-0.9510565162954159
2.852,-1.6430688949460734
2.854,0.032645089594987686
2.856,-1.7421449756903904
2.858,-0.8519348900038252
2.86,-0.3945019984360436
2.862,-1.968973194936563
2.864,-0.14613350019480176
2.866,-1.242301197685176
2.868,-1.4778872832448462
2.87,-0.04697021213318764
2.872,-1.9041165251065868
2.874,-0.6317964915190201
2.876,-0.6317964915189993
2.878,-1.9041165251065966
2.88,-0.04697021213319452
2.882,-1.477887283244827
2.884,-1.2423011976851985
2.886,-0.14613350019478955
2.888,-1.9689731949365585
2.89,-0.39450199843606293
2.892,-0.8519348900038026
2.894,-1.7421449756904046
2.896,0.03264508959498458
2.898,-1.643068894946059
2.9,-0.9510565162954382
2.902,-0.25844342996443104
2.904,-1.9323556708848808
2.906,-0.1545639640585087
2.908,-1.0405744061851963
2.91,-1.4926123047583704
2.912,0.08844582657744648
2.914,-1.7266191519369964
2.916,-0.6214938675048862
2.918,-0.375772982091899
2.92,-1.7953844417972693
2.922,0.07423115327034147
2.924,-1.1844638034018946
2.926,-1.1696915375553556
2.928,0.11853862032942597
2.93,-1.7215697590709764
2.932,-0.27249770663453265
2.934,-0.4888232301933359
2.936,-1.5646369503900615
2.938,0.2796372809299077
2.94,-1.272332358221244
2.942,-0.7913451009982811
2.944,0.12345728120634503
2.946,-1.6257180897189847
2.948,0.07661680823400852
2.95,-0.5877852522925507
2.952,-1.2518160550555884
2.954,0.4516323816940029
2.956,-1.2956878727371888
2.958,-0.378289968071119
2.96,0.10603157819070957
2.962,-1.4418671113501318
2.964,0.4072121588510607
2.966,-0.6630654681582722
2.968,-0.8731273409390408
2.97,0.5829319636104631
2.972,-1.249469975640438
2.974,0.047180942877837584
2.976,0.07108297110752487
2.978,-1.177778987983215
2.98,0.7023666291303063
2.982,-0.7060244350512759
2.984,-0.44839986767933604
2.986,0.6693048665266852
2.988,-1.1325128398494129
2.99,0.4624520187285413
2.992,0.024971518712903734
2.994,-0.8458400483034874
2.996,0.9477824102485091
2.998,-0.709677201372219
3.0,-1.3181618824957053e-14
3.0020000000000002,0.7096772013719088
3.004,-0.9477824102485135
3.0060000000000002,0.8458400483037665
3.008,-0.02497151871288343
3.0100000000000002,-0.46245201872782027
3.012,1.1325128398494142
3.0140000000000002,-0.6693048665269122
3.016,0.4483998676793105
3.0180000000000002,0.7060244350508951
3.02,-0.7023666291303164
3.0220000000000002,1.1777789879834026
3.024,-0.07108297110750589
3.0260000000000002,-0.04718094287701652
3.028,1.2494699756404453
3.0300000000000002,-0.5829319636105923
3.032,0.8731273409390174
3.0340000000000003,0.6630654681578583
3.036,-0.4072121588510759
3.0380000000000003,1.4418671113502164
3.04,-0.10603157819069314
3.0420000000000003,0.3782899680715506
3.044,1.2956878727372012
3.0460000000000003,-0.4516323816940264
3.048,1.2518160550555688
3.0500000000000003,0.5877852522921229
3.052,-0.07661680823402783
3.0540000000000003,1.6257180897189554
3.056,-0.12345728120633237
3.0580000000000003,0.7913451009987122
3.06,1.2723323582212607
3.0620000000000003,-0.2796372809297437
3.064,1.5646369503900468
3.0660000000000003,0.488823230192921
3.068,0.2724977066345101
3.0700000000000003,1.7215697590708456
3.072,-0.11853862032941775
3.074,1.169691537555332
3.076,1.1844638034019148
3.078,-0.07423115327035301
3.08,1.7953844417972604
3.082,0.375772982091918
3.084,0.6214938675048619
3.086,1.7266191519370078
3.088,-0.08844582657744349
3.09,1.4926123047583502
3.092,1.0405744061852185
3.094,0.1545639640584927
3.096,1.9323556708848781
3.098,0.25844342996444725
3.1,0.9510565162954139
3.102,1.6430688949460752
3.104,-0.0326450895949868
3.106,1.742144975690389
3.108,0.8519348900038254
3.11,0.3945019984360435
3.112,1.9689731949365625
3.114,0.14613350019480176
3.116,1.2423011976851757
3.118,1.4778872832448473
3.12,0.046970212133187084
3.122,1.9041165251065864
3.124,0.631796491519021
3.126,0.6317964915189982
3.128,1.904116525106597
3.13,0.04697021213319508
3.132,1.4778872832448258
3.134,1.2423011976851992
3.136,0.14613350019478966
3.138,1.968973194936559
3.14,0.39450199843606304
3.142,0.8519348900038025
3.144,1.742144975690406
3.146,-0.032645089594985355
3.148,1.6430688949460572
3.15,0.9510565162954403
3.152,0.25844342996442926
3.154,1.9323556708848795
3.156,0.1545639640585107
3.158,1.040574406185197
3.16,1.4926123047583697
3.162,-0.08844582657744826
3.164,1.7266191519369976
3.166,0.6214938675048889
3.168,0.3757729820918964
3.17,1.7953844417972677
3.172,-0.07423115327033891
3.174,1.1844638034018957
3.176,1.1696915375553545
3.178,-0.11853862032942408
3.18,1.7215697590709784
3.182,0.2724977066345312
3.184,0.4888232301933326
3.186,1.5646369503900646
3.188,-0.2796372809299099
3.19,1.2723323582212407
3.192,0.7913451009982849
3.194,-0.12345728120634292
3.196,1.625718089718982
3.198,-0.07661680823401051
3.2,0.5877852522925529
3.202,1.2518160550555921
3.204,-0.45163238169400577
3.206,1.2956878727371852
3.208,0.37828996807112314
3.21,-0.10603157819070713
3.212,1.441867111350129
3.214,-0.407212158851057
3.216,0.6630654681582746
3.218,0.8731273409390384
3.22,-0.5829319636104664
3.222,1.249469975640441
3.224,-0.047180942877839915
3.226,-0.07108297110752904
3.228,1.177778987983219
3.23,-0.7023666291303026
3.232,0.7060244350512717
3.234,0.4483998676793337
3.236,-0.6693048665266821
3.238,1.1325128398494162
3.24,-0.4624520187285439
3.242,-0.02497151871290812
3.244,0.8458400483034916
3.246,-0.9477824102485053
3.248,0.709677201372215
3.25,1.0727373381569639e-14
3.2520000000000002,-0.7096772013719058
3.254,0.9477824102485102
3.2560000000000002,-0.8458400483037691
3.258,0.02497151871288611
3.2600000000000002,0.4624520187278248
3.262,-1.1325128398494178
3.2640000000000002,0.6693048665269152
3.266,-0.44839986767930595
3.2680000000000002,-0.7060244350508993
3.27,0.7023666291303134
3.2720000000000002,-1.1777789879833986
3.274,0.0710829711075085
3.2760000000000002,0.04718094287701419
3.278,-1.2494699756404488
3.2800000000000002,0.5829319636105955
3.282,-0.8731273409390132
3.2840000000000003,-0.6630654681578623
3.286,0.40721215885107337
3.2880000000000003,-1.4418671113502128
3.29,0.10603157819068937
3.2920000000000003,-0.37828996807155246
3.294,-1.2956878727371985
3.2960000000000003,0.4516323816940294
3.298,-1.251816055055571
3.3000000000000003,-0.5877852522921209
3.302,0.07661680823403161
3.3040000000000003,-1.625718089718958
3.306,0.12345728120632915
3.3080000000000003,-0.7913451009987085
3.31,-1.272332358221259
3.3120000000000003,0.2796372809297414
3.314,-1.5646369503900488
3.3160000000000003,-0.4888232301929194
3.318,-0.27249770663450695
3.3200000000000003,-1.721569759070848
3.322,0.1185386203294152
3.3240000000000003,-1.1696915375557562
3.326,-1.1844638034019175
3.3280000000000003,0.07423115327015395
3.33,-1.7953844417972582
3.332,-0.37577298209191695
3.334,-0.6214938675048628
3.336,-1.7266191519370098
3.338,0.08844582657744493
3.34,-1.4926123047583477
3.342,-1.0405744061852207
3.344,-0.15456396405849326
3.346,-1.9323556708848768
3.348,-0.2584434299644467
3.35,-0.951056516295414
3.352,-1.6430688949460748
3.354,0.03264508959498791
3.356,-1.7421449756903893
3.358,-0.851934890003827
3.36,-0.39450199843604195
3.362,-1.9689731949365634
3.364,-0.14613350019480276
3.366,-1.2423011976851743
3.368,-1.477887283244848
3.37,-0.04697021213318697
3.372,-1.9041165251065861
3.374,-0.6317964915190218
3.376,-0.6317964915189975
3.378,-1.9041165251065975
3.38,-0.04697021213319519
3.382,-1.4778872832448253
3.384,-1.2423011976852005
3.386,-0.14613350019478866
3.388,-1.968973194936558
3.39,-0.3945019984360645
3.392,-0.8519348900038008
3.394,-1.742144975690406
3.396,0.03264508959498447
3.398,-1.6430688949460577
3.4,-0.9510565162954402
3.402,-0.2584434299644297
3.404,-1.9323556708848808
3.406,-0.15456396405851003
3.408,-1.0405744061851945
3.41,-1.4926123047583721
3.412,0.0884458265774467
3.414,-1.7266191519369956
3.416,-0.6214938675048882
3.418,-0.3757729820918974
3.42,-1.79538444179727
3.422,0.07423115327034047
3.424,-1.184463803401893
3.426,-1.1696915375553576
3.428,0.11853862032942664
3.43,-1.721569759070976
3.432,-0.27249770663413597
3.434,-0.4888232301937747
3.436,-1.5646369503900628
3.438,0.2796372809298219
3.44,-1.2723323582212425
3.442,-0.7913451009982834
3.444,0.1234572812066359
3.446,-1.6257180897190133
3.448,0.07661680823400696
3.45,-0.5877852522925491
3.452,-1.2518160550552584
3.454,0.45163238169397424
3.456,-1.295687872736898
3.458,-0.3782899680715723
3.46,0.1060315781907109
3.462,-1.4418671113501325
3.464,0.40721215885081585
3.466,-0.663065468158711
3.468,-0.8731273409390427
3.47,0.5829319636104633
3.472,-1.249469975640631
3.474,0.04718094287783553
3.476,0.07108297110794926
3.478,-1.1777789879834097
3.48,0.7023666291303056
3.482,-0.7060244350512744
3.484,-0.4483998676788977
3.486,0.6693048665264424
3.488,-1.1325128398494126
3.49,0.46245201872817154
3.492,0.02497151871290544
3.494,-0.8458400483034889
3.496,0.9477824102484802
3.498,-0.7096772013718864
3.5,-1.5378555295783227e-14
3.5020000000000002,0.70967720137191
3.504,-0.9477824102484853
3.5060000000000002,0.8458400483040549
3.508,-0.024971518712881738
3.5100000000000002,-0.46245201872819
3.512,1.1325128398494144
3.5140000000000002,-0.6693048665269115
3.516,0.44839986767886797
3.5180000000000002,0.7060244350504981
3.52,-0.7023666291303173
3.5220000000000002,1.1777789879834017
3.524,-0.0710829711079271
3.5260000000000002,-0.04718094287701852
3.528,1.2494699756406393
3.5300000000000002,-0.5829319636104515
3.532,0.8731273409390156
3.5340000000000003,0.6630654681578599
3.536,-0.40721215885083356
3.5380000000000003,1.441867111350301
3.54,-0.10603157819069181
3.5420000000000003,0.37828996807154835
3.544,1.2956878727369123
3.5460000000000003,-0.45163238169402653
3.548,1.2518160550552357
3.5500000000000003,0.5877852522925794
3.552,-0.0766168082340295
3.5540000000000003,1.6257180897189554
3.556,-0.12345728120662114
3.5580000000000003,0.7913451009991612
3.56,1.272332358221262
3.5620000000000003,-0.2796372809298294
3.564,1.5646369503900457
3.5660000000000003,0.4888232301929227
3.568,0.2724977066341098
3.5700000000000003,1.7215697590707055
3.572,-0.11853862032941709
3.5740000000000003,1.1696915375557573
3.576,1.1844638034014936
3.5780000000000003,-0.07423115326996277
3.58,1.7953844417971192
3.5820000000000003,0.3757729820919233
3.584,0.6214938675048599
3.586,1.7266191519372522
3.588,-0.088445826577358
3.59,1.4926123047583486
3.592,1.0405744061852202
3.594,0.15456396405878126
3.596,1.9323556708849066
3.598,0.2584434299644486
3.6,0.951056516294957
3.602,1.6430688949460766
3.604,-0.03264508959498702
3.606,1.7421449756900977
3.608,0.8519348900033761
3.61,0.3945019984360417
3.612,1.9689731949365628
3.614,0.14613350019455906
3.616,1.2423011976851737
3.618,1.4778872832452474
3.62,0.046970212133045974
3.622,1.9041165251065855
3.624,0.6317964915190228
3.626,0.6317964915194192
3.628,1.9041165251064043
3.63,0.04697021213319563
3.632,1.477887283244824
3.634,1.2423011976847607
3.636,0.14613350019478855
3.638,1.9689731949364735
3.64,0.3945019984364325
3.642,0.8519348900038006
3.644,1.7421449756904075
3.646,-0.032645089595013776
3.648,1.6430688949463874
3.65,0.9510565162954423
3.652,0.2584434299640964
3.654,1.93235567088488
3.656,0.15456396405851203
3.658,1.040574406184744
3.66,1.4926123047580035
3.662,-0.08844582657744848
3.664,1.7266191519369967
3.666,0.6214938675044505
3.668,0.3757729820922933
3.67,1.7953844417972684
3.672,-0.07423115327014429
3.674,1.1844638034018942
3.676,1.1696915375553565
3.678,-0.11853862032961837
3.68,1.7215697590711185
3.682,0.2724977066345331
3.684,0.48882323019333096
3.686,1.564636950389822
3.688,-0.27963728092990936
3.69,1.2723323582208712
3.692,0.7913451009987381
3.694,-0.12345728120634392
3.696,1.625718089718982
3.698,-0.07661680823434036
3.7,0.5877852522930058
3.702,1.2518160550555937
3.704,-0.45163238169400566
3.706,1.2956878727371843
3.708,0.3782899680711253
3.71,-0.10603157819107639
3.712,1.4418671113502148
3.714,-0.40721215885105566
3.716,0.663065468158273
3.718,0.8731273409386419
3.72,-0.5829319636103263
3.722,1.2494699756404404
3.724,-0.04718094287741503
3.726,-0.07108297110753065
3.728,1.1777789879832201
3.73,-0.7023666291301611
3.732,0.7060244350516687
3.734,0.4483998676793358
3.736,-0.6693048665266829
3.738,1.1325128398495012
3.74,-0.46245201872854214
3.742,-0.024971518713360966
3.744,0.8458400483037829
3.746,-0.947782410248505
3.748,0.7096772013722138
3.75,4.747770880964609e-13
3.7520000000000002,-0.7096772013715755
3.754,0.9477824102485105
3.7560000000000002,-0.8458400483037677
3.758,0.024971518713335583
3.7600000000000002,0.4624520187278266
3.762,-1.1325128398495032
3.7640000000000002,0.6693048665266709
3.766,-0.44839986767930384
3.7680000000000002,-0.7060244350509007
3.77,0.7023666291301738
3.7720000000000002,-1.1777789879835914
3.774,0.07108297110750689
3.7760000000000002,0.047180942877439014
3.778,-1.2494699756404495
3.7800000000000002,0.5829319636105951
3.782,-0.8731273409386129
3.7840000000000003,-0.6630654681583045
3.786,0.4072121588510746
3.7880000000000003,-1.4418671113502124
3.79,0.10603157819105596
3.7920000000000003,-0.37828996807200155
3.794,-1.2956878727371997
3.7960000000000003,0.451632381694001
3.798,-1.2518160550555693
3.8000000000000003,-0.5877852522921226
3.802,0.07661680823436468
3.8040000000000003,-1.6257180897189294
3.806,0.12345728120632804
3.8080000000000003,-0.7913451009987065
3.81,-1.2723323582208923
3.8120000000000003,0.27963728092974205
3.814,-1.5646369503898039
3.8160000000000003,-0.48882323019336166
3.818,-0.272497706634505
3.8200000000000003,-1.7215697590708487
3.822,0.11853862032960827
3.8240000000000003,-1.169691537556177
3.826,-1.1844638034019193
3.8280000000000003,0.07423115327015495
3.83,-1.7953844417972573
3.8320000000000003,-0.37577298209152377
3.834,-0.6214938675044204
3.8360000000000003,-1.7266191519370107
3.838,0.08844582657744471
3.84,-1.4926123047579782
3.842,-1.0405744061847715
3.844,-0.15456396405849193
3.846,-1.9323556708848766
3.848,-0.2584434299641165
3.85,-0.9510565162954119
3.852,-1.6430688949464076
3.854,0.03264508959501655
3.856,-1.7421449756903877
3.858,-0.8519348900038289
3.86,-0.3945019984364082
3.862,-1.9689731949364782
3.864,-0.14613350019480387
3.866,-1.2423011976847318
3.868,-1.4778872832448495
3.87,-0.04697021213318642
3.872,-1.9041165251063916
3.874,-0.6317964915194465
3.876,-0.6317964915189956
3.878,-1.9041165251065981
3.88,-0.04697021213305519
3.882,-1.4778872832452221
3.884,-1.2423011976852025
3.886,-0.14613350019454396
3.888,-1.968973194936558
3.89,-0.39450199843606626
3.892,-0.8519348900033478
3.894,-1.7421449756901173
3.896,0.032645089594984245
3.898,-1.6430688949460561
3.9,-0.9510565162949876
3.902,-0.2584434299644284
3.904,-1.9323556708849097
3.906,-0.15456396405880124
3.908,-1.0405744061851927
3.91,-1.4926123047583737
3.912,0.08844582657736177
3.914,-1.7266191519372383
3.916,-0.6214938675048902
3.918,-0.37577298209189586
3.92,-1.7953844417971303
3.922,0.07423115327033947
3.924,-1.1844638034014685
3.926,-1.1696915375557824
3.928,0.1185386203294273
3.93,-1.7215697590709755
3.932,-0.2724977066341379
3.934,-0.48882323019377294
3.936,-1.564636950390064
3.938,0.2796372809298213
3.94,-1.2723323582212411
3.942,-0.7913451009982854
3.944,0.12345728120663702
3.946,-1.6257180897190133
3.948,0.0766168082340053
3.95,-0.5877852522925473
3.952,-1.2518160550552602
3.954,0.4516323816939741
3.956,-1.2956878727368968
3.958,-0.37828996807157445
3.96,0.10603157819071224
3.962,-1.441867111350133
3.964,0.40721215885081463
3.966,-0.6630654681587094
3.968,-0.8731273409390445
3.97,0.5829319636104637
3.972,-1.2494699756406304
3.974,0.047180942877833476
3.976,0.07108297110795087
3.978,-1.1777789879834106
3.98,0.7023666291303047
3.982,-0.706024435051273
3.984,-0.4483998676788999
3.986,0.6693048665264432
3.988,-1.1325128398494124
3.99,0.46245201872816977
3.992,0.024971518712907134
3.994,-0.8458400483034904
3.996,0.9477824102484799
3.998,-0.7096772013718852
4.0,-1.7575491766609405e-14
4.002,0.7096772013719042
4.0040000000000004,-0.9477824102484785
4.006,0.8458400483040532
4.008,-0.02497151871288003
4.01,-0.46245201872819897
4.0120000000000005,1.1325128398494215
4.014,-0.6693048665269106
4.016,0.4483998676788658
4.018,0.7060244350512965
4.0200000000000005,-0.7023666291300302
4.022,1.1777789879834004
4.024,-0.07108297110792555
4.026,-0.04718094287786628
4.0280000000000005,1.2494699756402594
4.03,-0.5829319636104511
4.032,0.8731273409390137
4.034,0.663065468158736
4.0360000000000005,-0.4072121588508284
4.038,1.4418671113503003
4.04,-0.10603157819069048
4.042,0.37828996807154014
4.0440000000000005,1.2956878727369194
4.046,-0.45163238169402653
4.048,1.251816055055234
4.05,0.5877852522925755
4.0520000000000005,-0.07661680823336248
4.054,1.6257180897189552
4.056,-0.12345728120662014
4.058,0.7913451009982515
4.0600000000000005,1.2723323582205277
4.062,-0.2796372809298301
4.064,1.5646369503900444
4.066,0.4888232301938005
4.0680000000000005,0.2724977066349049
4.07,1.7215697590707062
4.072,-0.11853862032941642
4.074,1.169691537555751
4.0760000000000005,1.1844638034014994
4.078,-0.07423115326996366
4.08,1.7953844417971183
4.082,0.3757729820919212
4.0840000000000005,0.6214938675048615
4.086,1.7266191519367693
4.088,-0.08844582657735778
4.09,1.4926123047583468
4.0920000000000005,1.0405744061843227
4.094,0.1545639640587826
4.096,1.9323556708849063
4.098,0.2584434299644498
4.1,0.9510565162949528
4.102,1.6430688949460799
4.104,-0.03264508959498713
4.106,1.7421449756900964
4.108,0.8519348900042787
4.11,0.39450199843677736
4.112,1.9689731949365632
4.114,0.14613350019456006
4.116,1.2423011976842901
4.118,1.4778872832444527
4.12,0.04697021213304531
4.122,1.9041165251065846
4.124,0.6317964915198702
4.126,0.6317964915194174
4.128,1.9041165251064052
4.13,0.0469702121331963
4.132,1.477887283244823
4.134,1.2423011976847624
4.136,0.14613350019478755
4.138,1.9689731949364733
4.14,0.39450199843643563
4.142,0.8519348900046996
4.144,1.7421449756904088
4.146,-0.032645089595013554
4.148,1.643068894945725
4.15,0.9510565162945327
4.152,0.2584434299640951
4.154,1.93235567088488
4.156,0.15456396405909312
4.158,1.0405744061856415
4.16,1.4926123047580053
4.162,-0.0884458265774487
4.164,1.7266191519369958
4.166,0.6214938675044489
4.168,0.3757729820922917
4.17,1.7953844417972693
4.172,-0.0742311532701394
4.174,1.1844638034018884
4.176,1.1696915375553585
4.178,-0.11853862032961904
4.18,1.7215697590708414
4.182,0.2724977066337333
4.184,0.4888232301933292
4.186,1.5646369503898234
4.188,-0.2796372809297334
4.19,1.2723323582216006
4.192,0.7913451009987402
4.194,-0.12345728120634492
4.196,1.6257180897189305
4.198,-0.0766168082343387
4.2,0.5877852522930042
4.202,1.2518160550555955
4.204,-0.45163238169399955
4.206,1.295687872737183
4.208,0.37828996807112747
4.21,-0.10603157819107772
4.212,1.4418671113502217
4.214,-0.4072121588515481
4.216,0.6630654681582713
4.218,0.8731273409386437
4.22,-0.5829319636106012
4.222,1.2494699756408203
4.224,-0.04718094287741298
4.226,-0.0710829711075322
4.228,1.1777789879836082
4.23,-0.7023666291304482
4.232,0.7060244350516672
4.234,0.4483998676793379
4.236,-0.6693048665266838
4.238,1.1325128398494941
4.24,-0.46245201872854036
4.242,-0.02497151871336266
4.244,0.8458400483037916
4.246,-0.9477824102485117
4.248,0.7096772013722126
4.25,-4.396261045632421e-13
4.252,-0.7096772013722327
4.2540000000000004,0.9477824102484467
4.256,-0.8458400483037662
4.258,0.02497151871333389
4.26,0.4624520187285712
4.2620000000000005,-1.1325128398493398
4.264,0.6693048665266701
4.266,-0.44839986767930173
4.268,-0.7060244350516922
4.2700000000000005,0.7023666291301677
4.272,-1.1777789879835903
4.274,0.07108297110750533
4.276,0.047180942877447785
4.2780000000000005,-1.2494699756404501
4.28,0.5829319636105947
4.282,-0.8731273409386109
4.284,-0.6630654681582997
4.2860000000000005,0.40721215885058853
4.288,-1.4418671113502117
4.29,0.10603157819105452
4.292,-0.3782899680710909
4.2940000000000005,-1.295687872736627
4.296,0.4516323816940011
4.298,-1.2518160550555677
4.3,-0.5877852522930338
4.3020000000000005,0.07661680823369765
4.304,-1.6257180897189292
4.306,0.12345728120632704
4.308,-0.7913451009987043
4.3100000000000005,-1.272332358220899
4.312,0.2796372809297426
4.314,-1.5646369503898025
4.316,-0.48882323019335855
4.3180000000000005,-0.27249770663450784
4.32,-1.721569759070849
4.322,0.11853862032960749
4.324,-1.1696915375553252
4.3260000000000005,-1.1844638034010795
4.328,0.07423115327015584
4.33,-1.7953844417972569
4.332,-0.3757729820923186
4.3340000000000005,-0.6214938675053027
4.336,-1.7266191519370118
4.338,0.08844582657744438
4.34,-1.4926123047579765
4.3420000000000005,-1.0405744061847761
4.344,-0.15456396405907047
4.346,-1.9323556708848764
4.348,-0.25844342996411784
4.3500000000000005,-0.9510565162954099
4.352,-1.6430688949457481
4.354,0.032645089595016774
4.356,-1.7421449756903866
4.358,-0.8519348900047317
4.36,-0.394501998436408
4.362,-1.9689731949364786
4.364,-0.14613350019480476
4.366,-1.24230119768473
4.368,-1.477887283244852
4.37,-0.04697021213318575
4.372,-1.904116525106391
4.374,-0.6317964915194483
4.376,-0.6317964915198393
4.378,-1.904116525106599
4.38,-0.046970212133055855
4.382,-1.477887283244424
4.384,-1.2423011976843226
4.386,-0.14613350019454285
4.388,-1.9689731949365576
4.39,-0.3945019984368049
4.392,-0.8519348900042467
4.394,-1.7421449756901186
4.396,0.032645089594984134
4.398,-1.6430688949460568
4.4,-0.9510565162949873
4.402,-0.25844342996442704
4.404,-1.93235567088491
4.406,-0.15456396405880524
4.408,-1.040574406185188
4.41,-1.4926123047583753
4.412,0.08844582657736211
4.414,-1.7266191519367533
4.416,-0.6214938675040113
4.418,-0.37577298209189425
4.42,-1.7953844417971307
4.422,0.07423115326994723
4.424,-1.1844638034023123
4.426,-1.1696915375557844
4.428,0.11853862032942797
4.43,-1.7215697590706984
4.432,-0.2724977066341351
4.434,-0.4888232301937713
4.436,-1.5646369503900652
4.438,0.2796372809298209
4.44,-1.2723323582212345
4.442,-0.7913451009982875
4.444,0.12345728120663813
4.446,-1.6257180897189563
4.448,0.07661680823467232
4.45,-0.5877852522925456
4.452,-1.2518160550552617
4.454,0.4516323816940252
4.456,-1.2956878727374694
4.458,-0.3782899680715766
4.46,0.10603157819071368
4.462,-1.4418671113503103
4.464,0.40721215885130707
4.466,-0.6630654681587077
4.468,-0.8731273409390465
4.47,0.5829319636104575
4.472,-1.2494699756406231
4.474,0.04718094287783148
4.476,0.07108297110795242
4.478,-1.1777789879834186
4.48,0.7023666291305918
4.482,-0.7060244350512714
4.484,-0.44839986767890205
4.486,0.6693048665269243
4.488,-1.1325128398495827
4.49,0.462452018728168
4.492,0.024971518712908813
4.494,-0.8458400483040787
4.496,0.9477824102485366
4.498,-0.7096772013718841
4.5,-1.977242823743558e-14
4.502,0.7096772013719052
4.5040000000000004,-0.9477824102484789
4.506,0.8458400483040518
4.508,-0.024971518712878338
4.51,-0.46245201872820074
4.5120000000000005,1.1325128398494215
4.514,-0.6693048665269099
4.516,0.44839986767886364
4.518,0.706024435051298
4.5200000000000005,-0.702366629130031
4.522,1.1777789879833995
4.524,-0.07108297110792394
4.526,-0.04718094287786828
4.5280000000000005,1.24946997564026
4.53,-0.5829319636104506
4.532,0.8731273409390117
4.534,0.6630654681587377
4.5360000000000005,-0.40721215885082973
4.538,1.4418671113502999
4.54,-0.10603157819068915
4.542,0.378289968071538
4.5440000000000005,1.2956878727369205
4.546,-0.45163238169402664
4.548,1.2518160550552324
4.55,0.5877852522925772
4.5520000000000005,-0.07661680823336414
4.554,1.625718089718955
4.556,-0.12345728120661903
4.558,0.7913451009982493
4.5600000000000005,1.272332358220529
4.562,-0.27963728092983053
4.564,1.5646369503900432
4.566,0.48882323019380225
4.5680000000000005,0.2724977066349031
4.57,1.7215697590707064
4.572,-0.11853862032941576
4.574,1.169691537555749
4.5760000000000005,1.184463803401501
4.578,-0.07423115326996477
4.58,1.7953844417971179
4.582,0.37577298209192267
4.5840000000000005,0.6214938675048595
4.586,1.7266191519367702
4.588,-0.08844582657735744
4.59,1.492612304758345
4.5920000000000005,1.0405744061843245
4.594,0.15456396405878114
4.596,1.9323556708849061
4.598,0.25844342996445113
4.6000000000000005,0.9510565162958647
4.602,1.6430688949460812
4.604,-0.03264508959498735
4.606,1.7421449756900953
4.6080000000000005,0.8519348900033814
4.61,0.3945019984367757
4.612,1.9689731949365634
4.614,0.14613350019456117
4.616,1.2423011976842881
4.618,1.4778872832444545
4.62,0.04697021213304475
4.622,1.904116525106584
4.624,0.6317964915198719
4.626,0.6317964915194156
4.628,1.9041165251064058
4.63,0.046970212133196965
4.632,1.4778872832448213
4.634,1.2423011976847644
4.636,0.14613350019478655
4.638,1.9689731949364728
4.64,0.3945019984364372
4.642,0.8519348900046977
4.644,1.74214497569041
4.646,-0.03264508959501344
4.648,1.6430688949457237
4.65,0.9510565162945347
4.652,0.25844342996409364
4.654,1.9323556708848801
4.656,0.15456396405909445
4.658,1.0405744061856397
4.66,1.4926123047580067
4.662,-0.08844582657744904
4.664,1.726619151936995
4.666,0.621493867504451
4.668,0.3757729820922901
4.67,1.79538444179727
4.672,-0.0742311532701384
4.674,1.1844638034018866
4.676,1.1696915375553605
4.678,-0.11853862032961981
4.68,1.721569759070841
4.682,0.27249770663373524
4.684,0.4888232301933275
4.686,1.5646369503898243
4.688,-0.27963728092973283
4.69,1.272332358221599
4.692,0.7913451009987424
4.694,-0.12345728120634603
4.696,1.6257180897189305
4.698,-0.07661680823433725
4.7,0.5877852522930024
4.702,1.2518160550555968
4.704,-0.45163238169399955
4.706,1.2956878727371821
4.708,0.37828996807112963
4.71,-0.10603157819107906
4.712,1.4418671113502222
4.714,-0.4072121588515469
4.716,0.6630654681582696
4.718,0.8731273409386457
4.72,-0.5829319636106014
4.722,1.2494699756408199
4.724,-0.04718094287741098
4.726,-0.07108297110753375
4.728,1.1777789879836094
4.73,-0.7023666291304475
4.732,0.7060244350516658
4.734,0.44839986767934004
4.736,-0.6693048665266845
4.738,1.1325128398494941
4.74,-0.4624520187285384
4.742,-0.024971518713364352
4.744,0.8458400483037931
4.746,-0.9477824102485114
4.748,0.7096772013722114
4.75,4.791709610381133e-13
4.752,-0.7096772013722338
4.7540000000000004,0.9477824102484471
4.756,-0.8458400483037648
4.758,0.024971518713332183
4.76,0.4624520187285731
4.7620000000000005,-1.13251283984934
4.764,0.6693048665266692
4.766,-0.4483998676792996
4.768,-0.7060244350516938
4.7700000000000005,0.7023666291301686
4.772,-1.1777789879835892
4.774,0.07108297110750372
4.776,0.04718094287744984
4.7780000000000005,-1.2494699756404506
4.78,0.5829319636105943
4.782,-0.8731273409386089
4.784,-0.6630654681583013
4.7860000000000005,0.40721215885058987
4.788,-1.441867111350211
4.79,0.10603157819105319
4.792,-0.3782899680710887
4.7940000000000005,-1.295687872736628
4.796,0.4516323816940011
4.798,-1.2518160550555661
4.8,-0.5877852522930357
4.8020000000000005,0.07661680823369921
4.804,-1.6257180897189292
4.806,0.12345728120632593
4.808,-0.7913451009987023
4.8100000000000005,-1.2723323582209003
4.812,0.27963728092974305
4.814,-1.5646369503898014
4.816,-0.4888232301933603
4.8180000000000005,-0.27249770663450595
4.82,-1.7215697590708494
4.822,0.11853862032960683
4.824,-1.1696915375553232
4.8260000000000005,-1.184463803401081
4.828,0.07423115327015684
4.83,-1.795384441797256
4.832,-0.3757729820923202
4.8340000000000005,-0.6214938675053007
4.836,-1.7266191519370127
4.838,0.08844582657744415
4.84,-1.492612304757975
4.8420000000000005,-1.040574406184778
4.844,-0.15456396405906914
4.846,-1.9323556708848761
4.848,-0.2584434299641192
4.8500000000000005,-0.9510565162954079
4.852,-1.6430688949457495
4.854,0.032645089595016996
4.856,-1.7421449756903853
4.8580000000000005,-0.8519348900029304
4.86,-0.3945019984364063
4.862,-1.968973194936479
4.864,-0.14613350019480575
4.866,-1.242301197684728
4.868,-1.4778872832448535
4.87,-0.046970212133185196
4.872,-1.90411652510639
4.874,-0.63179649151945
4.876,-0.6317964915198375
4.878,-1.9041165251065997
4.88,-0.04697021213305652
4.882,-1.4778872832444223
4.884,-1.2423011976843246
4.886,-0.14613350019454197
4.888,-1.9689731949365572
4.89,-0.39450199843680656
4.892,-0.8519348900042447
4.894,-1.74214497569012
4.896,0.0326450895949838
4.898,-1.6430688949460555
4.9,-0.9510565162949893
4.902,-0.2584434299644257
4.904,-1.9323556708849101
4.906,-0.15456396405880657
4.908,-1.040574406185186
4.91,-1.492612304758377
4.912,0.08844582657736233
4.914,-1.7266191519367524
4.916,-0.6214938675040133
4.918,-0.37577298209189264
4.92,-1.7953844417971316
4.922,0.07423115326994634
4.924,-1.1844638034023107
4.926,-1.1696915375557864
4.928,0.11853862032942875
4.93,-1.721569759070698
4.932,-0.272497706634137
4.934,-0.4888232301937695
4.936,-1.5646369503900663
4.938,0.2796372809298202
4.94,-1.2723323582212331
4.942,-0.7913451009982897
4.944,0.12345728120663912
4.946,-1.6257180897189563
4.948,0.07661680823467065
4.95,-0.5877852522925439
4.952,-1.2518160550552633
4.954,0.4516323816940251
4.956,-1.2956878727374685
4.958,-0.3782899680715788
4.96,0.10603157819071501
4.962,-1.441867111350311
4.964,0.40721215885130574
4.966,-0.663065468158706
4.968,-0.8731273409390485
4.97,0.5829319636104577
4.972,-1.2494699756406225
4.974,0.04718094287782937
4.976,0.07108297110795397
4.978,-1.1777789879834197
4.98,0.702366629130591
4.982,-0.70602443505127
4.984,-0.44839986767890416
4.986,0.6693048665269251
4.988,-1.1325128398495827
4.99,0.46245201872816605
4.992,0.024971518712910507
4.994,-0.8458400483040801
4.996,0.9477824102485362
4.998,-0.7096772013718828
